FUNÇÃO,QUANTIDADE,UNIFORME,TAMANHOS,SEXO
PORTEIRO,5,CAMISA SOCIAL,"P, M, G, GG, EG, XG, XL, XXL, XXXL, XXXXL","MASCULINO, FEMININO"
PORTEIRO,3,CALÇA SOCIAL,"34, 36, 38, 40, 42, 44, 46, 46, 50, 52, 54, 56, 58, 60, 62, 64","MASCULINO, FEMININO"
PORTEIRO,1,SAPATO SOCIAL,"33, 34, 35, 36, 37, 38, 39, 40, 41, 42, 43, 44, 45, 46","MASCULINO, FEMININO"
PORTEIRO,1,BLAZER,"34, 36, 38, 40, 42, 44, 46, 46, 50, 52, 54, 56, 58, 60, 62, 64","MASCULINO, FEMININO"
PORTEIRO,12,MEIA SOCIAL,,
PORTEIRO,1,CINTO,,
RECEPCIONISTA,5,CAMISA SOCIAL,"P, M, G, GG, EG, XG, XL, XXL, XXXL, XXXXL","MASCULINO, FEMININO"
RECEPCIONISTA,3,CALÇA SOCIAL,"34, 36, 38, 40, 42, 44, 46, 46, 50, 52, 54, 56, 58, 60, 62, 64","MASCULINO, FEMININO"
RECEPCIONISTA,1,SAPATO SOCIAL,"33, 34, 35, 36, 37, 38, 39, 40, 41, 42, 43, 44, 45, 46","MASCULINO, FEMININO"
RECEPCIONISTA,1,BLAZER,"34, 36, 38, 40, 42, 44, 46, 46, 50, 52, 54, 56, 58, 60, 62, 64","MASCULINO, FEMININO"
RECEPCIONISTA,1,CINTO,,
RECEPCIONISTA,12,MEIA SOCIAL,,
GARÇOM,5,CAMISA SOCIAL,"P, M, G, GG, EG, XG, XL, XXL, XXXL, XXXXL","MASCULINO, FEMININO"
GARÇOM,3,CALÇA SOCIAL,"34, 36, 38, 40, 42, 44, 46, 46, 50, 52, 54, 56, 58, 60, 62, 64","MASCULINO, FEMININO"
GARÇOM,1,SAPATO SOCIAL,"33, 34, 35, 36, 37, 38, 39, 40, 41, 42, 43, 44, 45, 46","MASCULINO, FEMININO"
GARÇOM,1,BLAZER,"34, 36, 38, 40, 42, 44, 46, 46, 50, 52, 54, 56, 58, 60, 62, 64","MASCULINO, FEMININO"
GARÇOM,12,MEIA SOCIAL,,
GARÇOM,2,GRAVATA BORBOLETA,,
GARÇOM,2,COLETE SOCIAL,"P, M, G, GG, EG, XG, XL, XXL, XXXL, XXXXL","MASCULINO, FEMININO"
GARÇOM,1,CINTO,,
CONTINUO,5,CAMISA POLO,"P, M, G, GG, EG, XG, XL, XXL, XXXL, XXXXL","MASCULINO, FEMININO"
CONTINUO,3,CALÇA JEANS,"34, 36, 38, 40, 42, 44, 46, 46, 50, 52, 54, 56, 58, 60, 62, 64","MASCULINO, FEMININO"
CONTINUO,1,SAPATO CONTINUO,"33, 34, 35, 36, 37, 38, 39, 40, 41, 42, 43, 44, 45, 46",
CONTINUO,1,JAQUETA DE FRIO,"P, M, G, GG, EG, XG, XL, XXL, XXXL, XXXXL","MASCULINO, FEMININO"
CONTINUO,12,MEIA SOQUETE,,
CONTINUO,1,CINTO,,
COPEIRA,5,JALECO AZUL,"P, M, G, GG, EG, XG, XL, XXL, XXXL, XXXXL",
COPEIRA,3,CALÇA TACTEL AZUL,"P, M, G, GG, EG, XG, XL, XXL, XXXL, XXXXL",
COPEIRA,3,TOUCA,,
COPEIRA,2,AVENTAL,,
COPEIRA,1,SAPATO EVA,"33, 34, 35, 36, 37, 38, 39, 40, 41, 42, 43, 44, 45, 46",
COPEIRA,1,JAQUETA DE FRIO,"P, M, G, GG, EG, XG, XL, XXL, XXXL, XXXXL","MASCULINO, FEMININO"
COPEIRA,12,MEIA SOQUETE,,
IMPRESSOR GRAFICO,5,CAMISA POLO,"P, M, G, GG, EG, XG, XL, XXL, XXXL, XXXXL","MASCULINO, FEMININO"
IMPRESSOR GRAFICO,3,CALÇA JEANS,"34, 36, 38, 40, 42, 44, 46, 46, 50, 52, 54, 56, 58, 60, 62, 64","MASCULINO, FEMININO"
IMPRESSOR GRAFICO,1,SAPATO CONTINUO,"33, 34, 35, 36, 37, 38, 39, 40, 41, 42, 43, 44, 45, 46",
IMPRESSOR GRAFICO,1,JAQUETA DE FRIO,"P, M, G, GG, EG, XG, XL, XXL, XXXL, XXXXL","MASCULINO, FEMININO"
IMPRESSOR GRAFICO,12,MEIA SOQUETE,,
IMPRESSOR GRAFICO,1,CINTO,,
OPERADOR DE CARGA,5,CAMISA PV CINZA,"P, M, G, GG, EG, XG, XL, XXL, XXXL, XXXXL",
OPERADOR DE CARGA,3,CALÇA TACTEL,"P, M, G, GG, EG, XG, XL, XXL, XXXL, XXXXL",
OPERADOR DE CARGA,1,BOTINA DE SEGURANÇA,"33, 34, 35, 36, 37, 38, 39, 40, 41, 42, 43, 44, 45, 46",
OPERADOR DE CARGA,1,LUVA MISTA,,
OPERADOR DE CARGA,1,JAQUETA DE FRIO,,
OPERADOR DE CARGA,12,MEIA SOQUETE,,
ASG ,5,CAMISA PV CINZA,"P, M, G, GG, EG, XG, XL, XXL, XXXL, XXXXL",
ASG ,3,CALÇA TACTEL,"P, M, G, GG, EG, XG, XL, XXL, XXXL, XXXXL",
ASG ,1,SAPATO EVA,"33, 34, 35, 36, 37, 38, 39, 40, 41, 42, 43, 44, 45, 46",
ASG ,1,JAQUETA DE FRIO,"P, M, G, GG, EG, XG, XL, XXL, XXXL","MASCULINO, FEMININO"
ASG ,12,MEIA SOQUETE,,
ASG INSALUBRE 20%,5,CAMISA PV VERDE,"P, M, G, GG, EG, XG, XL, XXL, XXXL, XXXXL",
ASG INSALUBRE 20%,3,CALÇA TACTEL,"P, M, G, GG, EG, XG, XL, XXL, XXXL, XXXXL",
ASG INSALUBRE 20%,1,SAPATO EVA,"33, 34, 35, 36, 37, 38, 39, 40, 41, 42, 43, 44, 45, 46",
ASG INSALUBRE 20%,1,JAQUETA DE FRIO,"P, M, G, GG, EG, XG, XL, XXL, XXXL, XXXXL","MASCULINO, FEMININO"
ASG INSALUBRE 20%,12,MEIA SOQUETE,,
ASG INSALUBRE 20%,2,AVENTAL,,
ASG INSALUBRE 20%,1,BOTA PVC,"33, 34, 35, 36, 37, 38, 39, 40, 41, 42, 43, 44, 45, 46",
ASG INSALUBRE 20%,2,MASCARA DE PROTEÇÃO,,
ASG INSALUBRE 20%,1,OCULOS DE SEGURANÇA,,
ASG INSALUBRE 40%,5,CAMISA PV AZUL,,
ASG INSALUBRE 40%,3,CALÇA TACTEL,,
ASG INSALUBRE 40%,1,SAPATO EVA,"33, 34, 35, 36, 37, 38, 39, 40, 41, 42, 43, 44, 45, 46",
ASG INSALUBRE 40%,1,JAQUETA DE FRIO,"P, M, G, GG, EG, XG, XL, XXL, XXXL, XXXXL","MASCULINO, FEMININO"
ASG INSALUBRE 40%,12,MEIA SOQUETE,,
ASG INSALUBRE 40%,2,AVENTAL,,
ASG INSALUBRE 40%,1,BOTA PVC,"33, 34, 35, 36, 37, 38, 39, 40, 41, 42, 43, 44, 45, 46",
ASG INSALUBRE 40%,2,MASCARA DE PROTEÇÃO,,
ASG INSALUBRE 40%,1,OCULOS DE SEGURANÇA,,
SUPERVISOR,5,CAMISA SOCIAL AZUL,"P, M, G, GG, EG, XG, XL, XXL, XXXL, XXXXL","MASCULINO, FEMININO"
SUPERVISOR,3,CALÇA SOCIAL ,"34, 36, 38, 40, 42, 44, 46, 46, 50, 52, 54, 56, 58, 60, 62, 64","MASCULINO, FEMININO"
SUPERVISOR,1,BLAZER,"34, 36, 38, 40, 42, 44, 46, 46, 50, 52, 54, 56, 58, 60, 62, 64","MASCULINO, FEMININO"
SUPERVISOR,1,SAPATO SOCIAL,"33, 34, 35, 36, 37, 38, 39, 40, 41, 42, 43, 44, 45, 46","MASCULINO, FEMININO"
SUPERVISOR,12,MEIA SOCIAL,,
